{"cameraMode":{"drawMode":0,"name":"Shaded","section":"Shading Mode"},"sceneLighting":true,"audioPlay":false,"sceneViewState":{"showFog":true,"showMaterialUpdate":false,"showSkybox":true,"showFlares":true,"showImageEffects":true,"showParticleSystems":true},"in2DMode":false,"pivot":{"x":35.629234313964847,"y":9.04529857635498,"z":154.48556518554688},"rotation":{"x":0.1420687437057495,"y":0.09297004342079163,"z":-0.013871092349290848,"w":0.9855012893676758},"size":4.094082832336426,"orthographic":false}