{"cameraMode":{"drawMode":0,"name":"Shaded","section":"Shading Mode"},"sceneLighting":true,"audioPlay":false,"sceneViewState":{"showFog":true,"showMaterialUpdate":false,"showSkybox":true,"showFlares":true,"showImageEffects":true,"showParticleSystems":true},"in2DMode":false,"pivot":{"x":19.621959686279298,"y":3.163668155670166,"z":18.439876556396486},"rotation":{"x":-0.03579321876168251,"y":-0.4268278479576111,"z":0.017199985682964326,"w":-0.9036132097244263},"size":6.373422622680664,"orthographic":false}