{"cameraMode":{"drawMode":0,"name":"Shaded","section":"Shading Mode"},"sceneLighting":true,"audioPlay":false,"sceneViewState":{"showFog":true,"showMaterialUpdate":false,"showSkybox":true,"showFlares":true,"showImageEffects":true,"showParticleSystems":true},"in2DMode":false,"pivot":{"x":37.958648681640628,"y":11.50937271118164,"z":163.50904846191407},"rotation":{"x":-0.3342079222202301,"y":-0.04750042408704758,"z":0.017157526686787607,"w":-0.9411896467208862},"size":17.129791259765626,"orthographic":false}