{"cameraMode":{"drawMode":0,"name":"Shaded","section":"Shading Mode"},"sceneLighting":true,"audioPlay":false,"sceneViewState":{"showFog":true,"showMaterialUpdate":false,"showSkybox":true,"showFlares":true,"showImageEffects":true,"showParticleSystems":true},"in2DMode":false,"pivot":{"x":17.67084503173828,"y":3.2269601821899416,"z":22.90903663635254},"rotation":{"x":-0.09582506120204926,"y":-0.5994880795478821,"z":0.07295925915241242,"w":-0.7914379835128784},"size":7.458835124969482,"orthographic":false}